{
  "extensions": [
    {
      "name": "aif",
      "value": "yes"
    },
    {
      "name": "netact_address",
      "value": ""
    },
    {
      "name": "netact_port",
      "value": "22"
    },
    {
      "name": "netact_user",
      "value": "omc"
    },
    {
      "name": "netact_password",
      "value": ""
    },
    {
      "name": "netact_mrname",
      "value": ""
    },
    {
      "name": "netact_plmn",
      "value": ""
    },
    {
      "name": "netact_ne_type",
      "value": "CSCF"
    },
    {
      "name": "netact_adaptation_release",
      "value": "base"
    },
    {
      "name": "RootDN",
      "value": ""
    },
    {
      "name": "netact",
      "value": ""
    },
    {
      "name": "storage_availability_zone1",
      "value": "nova"
    },
    {
      "name": "storage_availability_zone2",
      "value": "nova"
    },
    {
      "name": "dn",
      "value": "DN1"
    },
    {
      "name": "vnf_name",
      "value": "CSCF"
    },
    {
      "name": "cmrepo_ip",
      "value": "10.255.154.46"
    },
    {
      "name": "dns_ip",
      "value": "10.255.154.46"
    },
    {
      "name": "du",
      "value": "DU1"
    },
    {
      "name": "release",
      "value": "17.0"
    },
    {
      "name": "swrepo_ip",
      "value": "10.255.154.46"
    },
    {
      "name": "internal_netmask",
      "value": "255.255.255.0"
    },
    {
      "name": "internal_network_cidr",
      "value": "10.200.210.0/24"
    },
    {
      "name": "internal_network_dpdk_cidr",
      "value": "10.200.211.0/24"
    },
    {
      "name": "default_gateway",
      "value": "10.255.154.1"
    },
    {
      "name": "internal_network_ipversion",
      "value": "4"
    },
    {
      "name": "lb01_name",
      "value": "lb01"
    },
    {
      "name": "lb01_uuid",
      "value": "lb01"
    },
    {
      "name": "lb01_internal_ip",
      "value": "10.200.210.1"
    },
    {
      "name": "lb01_internal_dpdk_ip",
      "value": "10.200.211.1"
    },
    {
      "name": "lb02_name",
      "value": "lb02"
    },
    {
      "name": "lb02_uuid",
      "value": "lb02"
    },
    {
      "name": "lb02_internal_ip",
      "value": "10.200.210.2"
    },
    {
      "name": "lb02_internal_dpdk_ip",
      "value": "10.200.211.2"
    },
    {
      "name": "lb_internal_cipa_ip",
      "value": "10.200.210.35"
    },
    {
      "name": "lb_internal_dpdk_cipa_ip",
      "value": "10.200.211.6"
    },
    {
      "name": "oam01_name",
      "value": "oam01"
    },
    {
      "name": "oam01_uuid",
      "value": "oam01"
    },
    {
      "name": "oam01_internal_ip",
      "value": "10.200.210.31"
    },
    {
      "name": "oam02_name",
      "value": "oam02"
    },
    {
      "name": "oam02_uuid",
      "value": "oam02"
    },
    {
      "name": "oam02_internal_ip",
      "value": "10.200.210.32"
    },
    {
      "name": "oam03_name",
      "value": "oam03"
    },
    {
      "name": "oam03_uuid",
      "value": "oam03"
    },
    {
      "name": "oam03_internal_ip",
      "value": "10.200.210.33"
    },
    {
      "name": "oam_internal_cipa_ip",
      "value": "10.200.210.3"
    },
    {
      "name": "oam_netmask",
      "value": "255.255.255.0"
    },
    {
      "name": "cscf_internal_ips_dpdk_first_of_pair",
      "value": ["10.200.211.61", "10.200.211.63", "10.200.211.65", "10.200.211.67"]
    },
    {
      "name": "cscf_internal_ips_dpdk_second_of_pair",
      "value": ["10.200.211.62", "10.200.211.64", "10.200.211.66", "10.200.211.68"]
    },
    {
      "name": "cscf_internal_ips_first_of_pair",
      "value": ["10.200.210.61", "10.200.210.63", "10.200.210.65", "10.200.210.67"]
    },
    {
      "name": "cscf_internal_ips_second_of_pair",
      "value": ["10.200.210.62", "10.200.210.64", "10.200.210.66", "10.200.210.68"]
    },
    {
      "name": "cscf_names_first_of_pair",
      "value": ["cscf01", "cscf03", "cscf05", "cscf07"]
    },
    {
      "name": "cscf_names_second_of_pair",
      "value": ["cscf02", "cscf04", "cscf06", "cscf08"]
    },
    {
      "name": "cscf_uuids_first_of_pair",
      "value": ["cscf01", "cscf03", "cscf05", "cscf07"]
    },
    {
      "name": "cscf_uuids_second_of_pair",
      "value": ["cscf02", "cscf04", "cscf06", "cscf08"]
    },
    {
      "name": "mtu",
      "value": 1500
    },
    {
      "name": "lb_vnic_count",
      "value": "11"
    },
    {
      "name": "volume_type",
      "value": "tripleo_ceph"
    },
    {
      "name": "lb_volume_size",
      "value": 300
    },
    {
      "name": "oam01_tempkey",
      "value": "oam01_TempKey"
    },
    {
      "name": "oam02_tempkey",
      "value": "oam02_TempKey"
    },
    {
      "name": "oam03_tempkey",
      "value": "oam03_TempKey"
    },
    {
      "name": "oam01_privkey",
      "value": "oam01_PrivKey"
    },
    {
      "name": "oam02_privkey",
      "value": "oam02_PrivKey"
    },
    {
      "name": "oam03_privkey",
      "value": "oam03_PrivKey"
    },
    {
      "name": "cakey",
      "value": "ROOT_CA_Key"
    },    
    {
      "name": "oam_volume_size",
      "value": 300
    }
  ]
}