{
    "computeResourceFlavours": [
        {
            "vnfdVirtualComputeDescId": "cscfCompute",
            "resourceId": "CSCF"
        },
        {
            "vnfdVirtualComputeDescId": "lbCompute",
            "resourceId": "CSCFLB"
        },
        {
            "vnfdVirtualComputeDescId": "oamCompute",
            "resourceId": "IMSOAM"
        }
    ],
    "zones": [
      {
      "resourceId": "zone1",
      "id": "zoneInfoId1"
      },
      {
      "resourceId": "zone2",
      "id": "zoneInfoId2"
      }
    ],
   "extVirtualLinks": [
      {
        "resourceId": "LAN1",
        "extCps": [
          {
            "cpdId": "lbCpdeth1",
            "addresses": [
              {"ip": "192.168.1.1"},
              {"ip": "192.168.1.2"}
            ]
          },
          {
            "cpdId": "oamCpdeth1",
            "addresses": [
              {"ip": "192.168.1.3"},
              {"ip": "192.168.1.4"},
              {"ip": "192.168.1.5"}
            ]
          },
          {
            "cpdId": "lbMovingCpdeth1",
            "addresses": [
              {"ip": "192.168.1.31"}
            ]
          },
          {
            "cpdId": "oamMovingCpdeth1",
            "addresses": [
              {"ip": "192.168.1.32"}
            ]
          }
        ]
      },
      {
        "resourceId": "LAN2",
        "extCps": [
          {
            "cpdId": "lbCpdeth2",
            "addresses": [
              {"ip": "192.168.2.1"},
              {"ip": "192.168.2.2"}
            ]
          },
          {
            "cpdId": "lbMovingCpdeth2",
            "addresses": [
              {"ip": "192.168.2.3"}
            ]
          }
        ]
      },
      {
        "resourceId": "LAN3",
        "extCps": [
          {
            "cpdId": "lbCpdeth3",
            "addresses": [
              {"ip": "192.168.3.1"},
              {"ip": "192.168.3.2"}
            ]
          },
          {
            "cpdId": "lbMovingCpdeth3",
            "addresses": [
              {"ip": "192.168.3.3"}
            ]
          }
        ]
      },
      {
        "resourceId": "LAN4",
        "extCps": [
          {
            "cpdId": "lbCpdeth4",
            "addresses": [
              {"ip": "192.168.4.1"},
              {"ip": "192.168.4.2"}
            ]
          },
          {
            "cpdId": "lbMovingCpdeth4",
            "addresses": [
              {"ip": "192.168.4.3"}
            ]
          }          
        ]
      },
      {
        "resourceId": "LAN5",
        "extCps": [
          {
            "cpdId": "lbCpdeth5",
            "addresses": [
              {"ip": "192.168.5.1"},
              {"ip": "192.168.5.2"}
            ]
          },
          {
            "cpdId": "lbMovingCpdeth5",
            "addresses": [
              { "ip": "192.168.5.3" }
            ]
          }          
        ]
      },
      {
        "resourceId": "LAN6",
        "extCps": [
          {
            "cpdId": "lbCpdeth6",
            "addresses": [
              {"ip": "192.168.6.1"},
              {"ip": "192.168.6.2"}
            ]
          },
          {
            "cpdId": "lbMovingCpdeth6",
            "addresses": [
              { "ip": "192.168.6.3" }
            ]
          }          
        ]
      },
      {
        "resourceId": "LAN7",
        "extCps": [
          {
            "cpdId": "lbCpdeth7",
            "addresses": [
              {"ip": "192.168.7.1"},
              {"ip": "192.168.7.2"}
            ]
          },
          {
            "cpdId": "lbMovingCpdeth7",
            "addresses": [
              { "ip": "192.168.7.3" }
            ]
          }          
        ]
      },
      {
        "resourceId": "LAN8",
        "extCps": [
          {
            "cpdId": "lbCpdeth8",
            "addresses": [
              {"ip": "192.168.8.1"},
              {"ip": "192.168.8.2"}
            ]
          },
          {
            "cpdId": "lbMovingCpdeth8",
            "addresses": [
              { "ip": "192.168.8.3" }
            ]
          }          
        ]
      },
      {
        "resourceId": "LAN9",
        "extCps": [
          {
            "cpdId": "lbCpdeth9",
            "addresses": [
              {"ip": "192.168.9.1"},
              {"ip": "192.168.9.2"}
            ]
          },
          {
            "cpdId": "lbMovingCpdeth9",
            "addresses": [
              { "ip": "192.168.9.3" }
            ]
          }          
        ]
      },
      {
        "resourceId": "LAN10",
        "extCps": [
          {
            "cpdId": "lbCpdeth10",
            "addresses": [
              {"ip": "192.168.10.1"},
              {"ip": "192.168.10.2"}
            ]
          },
          {
            "cpdId": "lbMovingCpdeth10",
            "addresses": [
              { "ip": "192.168.10.3" }
            ]
          }          
        ]
      }
    ],
    "flavourId": "cscf_si",
    "grantlessMode": true,
    "softwareImages": [
        {
            "vnfdSoftwareImageId": "cscfImage",
            "resourceId": "CSCF"
        },
        {
            "vnfdSoftwareImageId": "oamImage",
            "resourceId": "OAM"
        }
    ],
    "additionalParams": {
      "aif": "yes"
    },
    "vims": [
        {
            "accessInfo": {
                "username": "admin",
                "password": "yt_xk39b",
                "tenant": "admin"
            },
            "interfaceEndpoint": "http://10.1.2.3:5000/v2.0/",
            "id": "OpenStack1",
            "interfaceInfo": {
                "region": "regionOne"
            }
        }
    ]
}

